{"accuracy_score": 0.8, "accuracy_score_std": 0.0806225774829855, "precision": 0.8201026751026751, "recall": 0.8, "f1_score": 0.796891150607667, "f1_score_std": 0.08161748133602706, "accuracy_scores": [0.9, 0.8, 0.85, 0.7, 0.85, 0.75, 0.7, 0.95, 0.75, 0.75], "precisions": [0.9166666666666667, 0.8, 0.8846153846153847, 0.7, 0.8846153846153847, 0.7525252525252526, 0.7, 0.9545454545454545, 0.8333333333333333, 0.7747252747252747], "recalls": [0.9, 0.8, 0.85, 0.7, 0.85, 0.75, 0.7, 0.95, 0.75, 0.75], "f1_scores": [0.898989898989899, 0.8000000000000002, 0.8465473145780052, 0.7, 0.8465473145780052, 0.7493734335839598, 0.7, 0.949874686716792, 0.7333333333333333, 0.7442455242966751], "supports": [null, null, null, null, null, null, null, null, null, null], "_runtime": 503, "_timestamp": 1616521352, "_step": 0}