{"accuracy_score": 0.685, "accuracy_score_std": 0.095, "precision": 0.6899472749472749, "recall": 0.685, "f1_score": 0.6835177399439077, "f1_score_std": 0.0948254532638243, "accuracy_scores": [0.7, 0.8, 0.85, 0.6, 0.55, 0.65, 0.6, 0.6, 0.75, 0.75], "precisions": [0.7, 0.8125, 0.8535353535353536, 0.6041666666666667, 0.5505050505050505, 0.6515151515151515, 0.6, 0.6, 0.7747252747252747, 0.7525252525252526], "recalls": [0.7, 0.8, 0.85, 0.6, 0.55, 0.65, 0.6, 0.6, 0.75, 0.75], "f1_scores": [0.7, 0.7979797979797979, 0.8496240601503761, 0.595959595959596, 0.5488721804511277, 0.6491228070175439, 0.6, 0.6, 0.7442455242966751, 0.7493734335839598], "supports": [null, null, null, null, null, null, null, null, null, null], "_runtime": 123, "_timestamp": 1616517947, "_step": 0}